id,name,email,gender,money,birthdate
1,Grange Idel,gidel0@sina.com.cn,Male,$5731.67,12.4.2006
2,Calvin Follen,cfollen1@topsy.com,Male,$5741.66,4.11.1996
3,Emile Bearn,ebearn2@salon.com,Male,$2722.4,14.6.1987
4,Dayle Hirth,dhirth3@qq.com,Female,$4527.3,4.8.1993
5,Daron Schutte,dschutte4@state.gov,Female,$3821.76,16.8.1986
6,Lynsey Iddenden,"",Female,$1577.16,11.7.1982
7,Noel Mellings,nmellings6@vinaora.com,Male,$4561.91,28.9.1999
8,Ora McEwan,omcewan7@1und1.de,Female,$4505.25,27.6.1985
9,Junie Doley,"",Female,$3946.85,5.7.2003
10,Ketty Braben,kbraben9@pen.io,Female,€4073.7,21.1.1987
11,Buckie Cotton,"",Male,$4549.4,24.3.1999
12,Marji Binding,mbindingb@ocn.ne.jp,Female,$5646.3,14.9.2002
13,Stevena Muckle,smucklec@apple.com,Female,$5615.27,29.5.1998
14,Earvin Rennolds,erennoldsd@biglobe.ne.jp,Male,$6007.29,12.12.2006
15,Nial Freake,nfreakee@dailymotion.com,Male,$2047.03,10.6.1985
16,Jorge Lothlorien,jlothlorienf@imdb.com,Male,€7629.14,25.8.2005
17,Tessi Storey,tstoreyg@vk.com,Female,$7334.09,11.4.1997
18,Leonerd Skatcher,lskatcherh@discuz.net,Bigender,$3169.06,16.3.1997
19,Arabel Biggs,abiggsi@plala.or.jp,Female,$4644.0,12.9.1984
20,Bondie Marritt,bmarrittj@wikia.com,Male,$8516.0,20.1.1987
21,Luise Cripwell,lcripwellk@histats.com,Female,$3493.4,13.9.1996
22,Rona Rider,rriderl@ustream.tv,Female,$6784.51,24.9.1999
23,Yuri Linck,"",Male,€4399.8,6.7.2004
24,Ronny Harrinson,rharrinsonn@tripod.com,Male,€4439.28,21.5.1988
25,Broddie Casarino,bcasarinoo@nhs.uk,Male,€4646.4,23.10.1987
26,Vaughn Geeritz,vgeeritzp@bizjournals.com,Male,$4354.23,26.6.1988
27,Che Spink,"",Male,$5775.48,29.6.1999
28,Wes Bugler,wbuglerr@gizmodo.com,Male,$7092.82,19.5.2004
29,Lucio Edmett,"",Male,$4459.11,12.5.1988
30,Kathye Trevenu,"",Female,$3299.44,9.6.2004
31,Mark Lathey,mlatheyu@msu.edu,Male,$4518.09,5.2.1993
32,Carole Vaughan-Hughes,cvaughanhughesv@topsy.com,Female,$2547.01,24.11.2000
33,Athena McEvoy,"",Female,$5440.45,1.9.2003
34,Kelila Janney,kjanneyx@sphinn.com,Female,$4601.66,28.6.2001
35,Dorothea De Cleen,ddey@live.com,Female,€3365.85,27.5.1985
36,Rafaelita Prichet,rprichetz@prlog.org,Female,$6730.53,22.4.1989
37,Vale Daine,"",Female,$3551.04,27.12.1996
38,Dean Ramsted,dramsted11@csmonitor.com,Agender,$7314.41,2.6.2002
39,Fifine Baff,fbaff12@example.com,Female,€5753.81,24.9.1982
40,Eddi Gueinn,"",Female,$5994.9,21.1.1987
41,Veriee Dunsmuir,"",Female,$2545.98,3.5.1988
42,Lenka Turn,lturn15@jigsy.com,Female,$5328.84,24.2.2002
43,Floris Capozzi,"",Female,$9329.86,28.6.1985
44,Gelya Jagoe,gjagoe17@reference.com,Bigender,$3472.24,16.8.2001
45,Anett Plues,aplues18@hubpages.com,Female,$2968.81,6.8.1996
46,Langsdon Naisbitt,"",Male,$5367.47,6.9.1987
47,Obie Lidster,olidster1a@t-online.de,Male,$3568.39,20.8.1989
48,Deane Ferriere,dferriere1b@sfgate.com,Male,$7259.25,5.5.1983
49,Robin Taaffe,rtaaffe1c@surveymonkey.com,Female,$3389.91,6.8.1981
50,Carolee Bolesworth,cbolesworth1d@reuters.com,Genderfluid,$3448.77,23.10.1985
51,Normy Marns,nmarns1e@reddit.com,Male,$5296.17,28.1.2002
52,Douglass Sherebrook,dsherebrook1f@columbia.edu,Male,$4185.33,25.6.1983
53,Sandi Gravenell,sgravenell1g@bluehost.com,Female,$2534.53,13.11.2000
54,Wayland Twigley,wtwigley1h@google.com.br,Male,$3065.55,19.8.1994
55,Sarene Squires,"",Female,€3638.45,14.2.2002
56,Tuckie Winship,twinship1j@google.ru,Male,$3605.21,20.4.2006
57,Roddie Kolak,rkolak1k@mapquest.com,Male,$4921.71,4.10.2006
58,Freddy Goldthorpe,fgoldthorpe1l@rakuten.co.jp,Male,$3689.37,27.4.1988
59,Pierette Dewberry,pdewberry1m@mayoclinic.com,Female,€5886.47,19.2.1999
60,Moyna Jordanson,"",Female,$3302.36,19.3.1986
61,Levi McCullen,lmccullen1o@naver.com,Male,$6013.83,16.7.1985
62,Karleen Kinglake,kkinglake1p@netscape.com,Female,$1378.5,11.7.2002
63,Queenie Bebb,qbebb1q@xrea.com,Female,$5250.37,13.1.2004
64,Trenton McKall,tmckall1r@telegraph.co.uk,Male,$3470.08,13.9.1999
65,Isiahi Vannuchi,ivannuchi1s@360.cn,Male,$4368.51,4.11.2003
66,Ester Grishanin,egrishanin1t@prweb.com,Female,$3232.12,27.3.1995
67,Antonella Lasham,"",Bigender,$4336.56,5.2.2006
68,Amata Casley,acasley1v@themeforest.net,Female,€6287.42,29.7.1994
69,Ara Breckwell,abreckwell1w@hp.com,Female,$4058.85,30.1.1990
70,Yorgo Sprague,ysprague1x@lulu.com,Male,$6570.77,20.12.1988
71,Avictor Gatus,agatus1y@1688.com,Male,€4599.63,6.9.1998
72,Garrick Aish,gaish1z@google.co.jp,Male,$4429.05,28.7.2002
73,Gal Macura,gmacura20@hc360.com,Male,$5505.2,1.5.1982
74,Keefer Cavaney,kcavaney21@flickr.com,Polygender,$1784.47,14.2.1999
75,Catherine McGann,cmcgann22@statcounter.com,Female,$4211.72,21.7.1999
76,Auroora Ciccotto,aciccotto23@oakley.com,Non-binary,$8349.22,10.3.1997
77,Roselia William,rwilliam24@google.com.hk,Female,$5163.64,11.3.1988
78,Wally Brough,wbrough25@techcrunch.com,Male,$7658.2,2.10.1987
79,Pren Nutty,pnutty26@blinklist.com,Male,$3270.44,24.4.1996
80,Maura Orred,morred27@e-recht24.de,Polygender,$7629.75,8.2.1996
81,Althea Warsop,awarsop28@cnbc.com,Female,$5172.63,29.1.1987
82,Alexander Rapley,arapley29@technorati.com,Male,$5466.38,4.10.1999
83,Ad Luipold,aluipold2a@taobao.com,Male,$2132.15,13.6.1984
84,Justis Peotz,jpeotz2b@sina.com.cn,Male,$5886.89,18.10.1996
85,Else Wreakes,ewreakes2c@blogspot.com,Female,$4754.29,4.6.1990
86,Kaiser Balch,kbalch2d@reuters.com,Male,$6776.62,21.8.2003
87,Heindrick McInnes,hmcinnes2e@irs.gov,Male,$7303.58,3.7.1986
88,Goran Mathis,"",Male,€2443.36,7.1.1993
89,Cortney O'Leagham,coleagham2g@nytimes.com,Female,$3212.86,18.4.1990
90,Alexina Rubra,arubra2h@bing.com,Female,$5824.43,22.11.1993
91,Kellsie Pullar,kpullar2i@clickbank.net,Female,$1260.58,19.3.1983
92,Charita Royan,croyan2j@ovh.net,Female,$4803.46,2.7.1991
93,Adore Farries,afarries2k@ed.gov,Female,$9150.48,19.12.1989
94,Janette Tilling,jtilling2l@ed.gov,Female,$1798.1,18.8.1988
95,Kylie Humpage,khumpage2m@ihg.com,Male,$4529.86,17.1.1995
96,Edyth Paskin,epaskin2n@huffingtonpost.com,Female,$1260.06,19.11.1986
97,Alejandrina Childes,achildes2o@icio.us,Female,$5024.21,12.10.1986
98,Charmine Peregrine,"",Female,$2643.58,10.7.1987
99,Trudie Arnoldi,tarnoldi2q@loc.gov,Female,$4915.6,2.9.1997
100,Baudoin Gaylord,bgaylord2r@zimbio.com,Male,$4574.06,13.9.1991
101,Hortensia Haylor,hhaylor2s@springer.com,Female,$8711.84,31.1.1991
102,Ezequiel Artin,eartin2t@wordpress.com,Male,$9214.87,8.7.1983
103,Clarance Freeth,cfreeth2u@lycos.com,Male,$4978.59,27.11.2003
104,Jethro Yedy,jyedy2v@disqus.com,Male,$3544.55,21.10.1985
105,Mufi Sowley,msowley2w@nymag.com,Genderqueer,$3333.12,1.3.1990
106,Dorie Strafen,dstrafen2x@telegraph.co.uk,Female,$6372.21,12.9.1981
107,Tracie Tomashov,ttomashov2y@kickstarter.com,Male,$9040.16,19.2.1999
108,Conrade De Beneditti,cde2z@google.ca,Male,$4700.14,10.6.2000
109,Jude Frohock,jfrohock30@g.co,Male,$4155.74,27.1.2005
110,Margalit Gradwell,mgradwell31@va.gov,Female,$5107.15,2.1.2006
111,Mignonne Gentery,"",Female,$5709.46,30.4.1996
112,Edith Matula,ematula33@jugem.jp,Female,$4713.45,29.11.1988
113,Gian Enochsson,genochsson34@simplemachines.org,Non-binary,$5674.71,27.4.1990
114,Mendie Coultish,mcoultish35@walmart.com,Genderfluid,$4061.68,18.2.1986
115,Levin McFarlane,lmcfarlane36@macromedia.com,Polygender,$2828.2,24.5.1994
116,Vasilis Canedo,vcanedo37@mediafire.com,Male,€5333.57,5.12.1996
117,Matthew Gjerde,mgjerde38@blogger.com,Bigender,€6168.22,26.3.2001
118,Claudell Rayner,crayner39@friendfeed.com,Male,$7355.33,25.3.1996
119,Niall Sackur,nsackur3a@guardian.co.uk,Male,$8817.25,16.8.1995
120,Elfie Dicke,edicke3b@archive.org,Polygender,$4440.82,23.11.2002
121,Ly Babb,lbabb3c@dmoz.org,Male,$5383.0,23.2.2000
122,Lishe Stoneman,lstoneman3d@printfriendly.com,Genderfluid,$6530.43,6.3.1990
123,Melinda Snarie,msnarie3e@cdc.gov,Female,$1602.53,23.6.1988
124,Nicolis Parfrey,nparfrey3f@va.gov,Male,$6313.55,1.7.1984
125,Lorraine Shelmardine,lshelmardine3g@ebay.co.uk,Female,$353.16,16.5.1998
126,Simona Antonsson,santonsson3h@google.cn,Female,$3096.08,23.10.1995
127,Lula Gabbett,lgabbett3i@netscape.com,Female,$2816.51,21.8.1985
128,Judie Slader,jslader3j@salon.com,Female,$5514.08,16.8.1992
129,Dwight Sharratt,dsharratt3k@freewebs.com,Male,$2905.74,28.8.1992
130,Sarine Genner,sgenner3l@vinaora.com,Female,$2978.99,23.8.1988
131,Jacobo Heyns,jheyns3m@alexa.com,Male,$6604.38,7.11.1984
132,Daron Castelluzzi,dcastelluzzi3n@ow.ly,Male,$6005.81,26.9.1988
133,Giorgio Rubin,grubin3o@yahoo.co.jp,Male,$4821.32,27.2.2005
134,Dot Josef,djosef3p@hibu.com,Female,$5747.98,11.3.2001
135,Pennie Nolleau,pnolleau3q@constantcontact.com,Female,$2418.76,27.7.1999
136,Juan Sigg,jsigg3r@imgur.com,Male,$2304.32,12.5.1987
137,Victoir Bawdon,vbawdon3s@twitpic.com,Male,$6991.08,23.9.2002
138,Madge Bann,mbann3t@infoseek.co.jp,Female,$8546.39,30.5.1996
139,Andy Beange,abeange3u@intel.com,Male,$4538.48,20.4.1996
140,Marga Ballintyne,mballintyne3v@virginia.edu,Non-binary,$5966.07,19.12.1995
141,Hollyanne Flaws,hflaws3w@posterous.com,Bigender,$1690.29,24.11.2004
142,Keri Stachini,kstachini3x@unicef.org,Genderfluid,$3904.69,24.3.1993
143,Land Spavins,lspavins3y@yolasite.com,Male,$7451.58,26.5.1983
144,Annabell Klawi,aklawi3z@statcounter.com,Female,€4502.75,24.4.1991
145,Kacie Mawman,kmawman40@skype.com,Polygender,$4441.82,20.12.1996
146,Matthus Pobjoy,mpobjoy41@de.vu,Male,$2371.66,11.9.2001
147,Linda Kusick,"",Female,$8293.14,4.5.1990
148,Charlene Thewless,cthewless43@usatoday.com,Female,$5463.58,3.10.2006
149,Sutherland Matches,smatches44@blinklist.com,Male,$3729.22,28.11.1987
150,Nicolea Hambrook,nhambrook45@google.com.hk,Female,$1388.62,1.11.1995
151,Brade Colicot,bcolicot46@bizjournals.com,Male,€5658.28,26.12.2005
152,Lonna Elsworth,lelsworth47@youku.com,Female,$5086.96,5.8.2002
153,Josefina Fautley,jfautley48@samsung.com,Female,€7932.1,27.3.2001
154,August Coultass,acoultass49@netvibes.com,Male,$3286.77,18.8.2001
155,Gawain Brayshay,gbrayshay4a@exblog.jp,Polygender,$632.61,3.7.1989
156,Hakeem Arnson,harnson4b@g.co,Agender,$5707.55,21.5.1988
157,Corrinne Sworn,"",Female,$3943.13,15.1.2008
158,Lanie Balden,lbalden4d@w3.org,Male,$4816.95,28.6.1997
159,Lauren Pittwood,lpittwood4e@mapy.cz,Male,$7303.65,12.11.1999
160,Gavin Capnerhurst,gcapnerhurst4f@cbc.ca,Male,$8398.86,27.12.1993
161,Rolph Rutley,"",Male,$7400.06,3.4.2001
162,Jacques Strawbridge,jstrawbridge4h@wiley.com,Male,$4207.24,4.5.1993
163,Audry Howle,ahowle4i@slashdot.org,Female,$2850.9,23.8.1994
164,Cherrita Lockier,"",Female,$2984.3,2.10.1997
165,Ximenes Toffetto,xtoffetto4k@oracle.com,Male,$6709.71,13.8.1986
166,Donnamarie Hallsworth,dhallsworth4l@seesaa.net,Polygender,$5061.3,21.4.2002
167,Kelvin Lilleman,klilleman4m@163.com,Male,$6133.76,4.5.1984
168,Atlanta Luffman,"",Female,$4640.39,6.4.1982
169,Doy Dodswell,ddodswell4o@guardian.co.uk,Male,$3262.72,9.9.2001
170,Christian Blest,cblest4p@tripod.com,Female,$1506.02,18.4.1986
171,Phylys Glasman,pglasman4q@php.net,Female,$4411.25,18.1.1986
172,Madelene Stichall,mstichall4r@cbc.ca,Female,$5434.64,14.8.1982
173,Alic Ramiro,aramiro4s@goodreads.com,Male,$3393.95,15.3.1986
174,Chelsey Pedler,"",Female,€5157.19,7.6.1981
175,Carmelia Beven,cbeven4u@geocities.com,Female,€2907.27,24.3.1987
176,Elvira Rapport,erapport4v@google.it,Female,$1984.74,1.5.2002
177,Truda Peck,tpeck4w@oracle.com,Polygender,$3073.9,7.12.1990
178,Drucie Huffey,dhuffey4x@odnoklassniki.ru,Female,$7442.87,23.6.1989
179,Cathrin Blunt,cblunt4y@google.cn,Female,$1924.03,13.7.2002
180,Eldon Angear,eangear4z@apache.org,Male,$4469.3,3.3.2007
181,Manny Chappelle,mchappelle50@phpbb.com,Male,$3496.66,21.8.1986
182,Langston Laguerre,llaguerre51@usgs.gov,Male,$6300.5,3.11.1986
183,Janot Worms,jworms52@bizjournals.com,Female,$4181.55,17.6.2006
184,Ingrim Marusik,imarusik53@bizjournals.com,Agender,$1827.25,4.4.1991
185,Geri Gehringer,ggehringer54@bing.com,Male,$5449.5,24.8.1998
186,Merrill Olenin,molenin55@tiny.cc,Male,$4009.09,7.6.2004
187,Ashia Spracklin,aspracklin56@istockphoto.com,Female,$6415.84,21.1.1991
188,Reinhold Handyside,rhandyside57@example.com,Male,$5778.62,3.8.1991
189,Kenny Manuele,kmanuele58@newsvine.com,Male,$4500.77,8.5.1992
190,Adelheid Gentil,agentil59@salon.com,Female,$3985.13,6.3.1997
191,Yoshiko Wolfart,ywolfart5a@nih.gov,Female,$1517.01,10.4.1998
192,Juliane Petican,jpetican5b@google.co.uk,Polygender,$2637.66,27.6.2007
193,Alyosha Kirvell,akirvell5c@umn.edu,Male,$4033.72,28.8.1987
194,Goober Anthoine,ganthoine5d@telegraph.co.uk,Male,$2500.9,17.6.2001
195,Liliane Hawkeswood,lhawkeswood5e@wikispaces.com,Female,€3754.0,19.8.2000
196,Shelba Sutcliffe,ssutcliffe5f@gravatar.com,Female,€4898.65,10.2.1986
197,Randee Brenston,rbrenston5g@nih.gov,Female,€7246.8,3.5.1983
198,Mill Juett,"",Male,€5515.58,16.3.1982
199,Neil Skentelbery,nskentelbery5i@deviantart.com,Male,$5450.23,7.6.1987
200,Dana Camm,dcamm5j@pcworld.com,Female,$3200.65,4.5.1982
201,Jules Cranson,jcranson5k@jugem.jp,Male,$7198.86,6.2.2003
202,Peterus McKeurton,pmckeurton5l@simplemachines.org,Genderqueer,$5321.57,12.12.1992
203,Silvanus Dressel,sdressel5m@mozilla.com,Male,$9746.53,7.6.1999
204,Lynelle Junkison,ljunkison5n@nsw.gov.au,Female,$3677.16,26.5.1997
205,Cirillo Hartford,"",Male,$2624.32,9.8.1991
206,Edmon Haddock,ehaddock5p@liveinternet.ru,Male,$7480.07,20.3.1997
207,Bryanty Lock,block5q@nydailynews.com,Male,$2198.3,23.4.1984
208,Traci Parr,tparr5r@independent.co.uk,Non-binary,€4275.56,1.7.1985
209,Quintin McGowing,"",Male,€5447.86,12.7.1996
210,Jermayne Rain,jrain5t@creativecommons.org,Male,$4593.78,4.3.1999
211,Wilmar Ausello,wausello5u@telegraph.co.uk,Male,€2391.33,25.6.2007
212,Dalila Blackboro,dblackboro5v@taobao.com,Female,$5326.57,5.2.1987
213,Melodie Caldera,mcaldera5w@aol.com,Female,$7667.04,10.12.2005
214,Harland Dye,hdye5x@guardian.co.uk,Male,$682.36,1.10.2001
215,Irma Phaup,iphaup5y@merriam-webster.com,Female,$2806.39,28.5.1997
216,Arney Matuszewski,amatuszewski5z@huffingtonpost.com,Male,$2796.81,8.11.2005
217,Cordelia Creeghan,ccreeghan60@paginegialle.it,Female,€5255.75,19.5.1983
218,Siffre Rew,srew61@studiopress.com,Male,$2324.85,14.3.2006
219,Harbert Gaywood,hgaywood62@wired.com,Male,$5716.3,26.5.1983
220,Matthew Bergen,mbergen63@macromedia.com,Male,$4395.15,2.10.2005
221,Ferdy Ferrieres,fferrieres64@ezinearticles.com,Male,$1510.85,20.2.1998
222,Ezequiel Sturley,esturley65@ovh.net,Male,$5910.36,12.10.2004
223,Tremaine Kaye,tkaye66@upenn.edu,Male,€7808.08,22.1.1998
224,Clemmie Sturdey,csturdey67@foxnews.com,Male,$6868.34,3.5.1986
225,Griffy McLise,gmclise68@slashdot.org,Male,$6498.69,8.12.1999
226,Florry Gethouse,fgethouse69@soundcloud.com,Polygender,€6158.4,20.10.2004
227,Reagen Clitsome,rclitsome6a@g.co,Male,$2870.41,19.9.2001
228,Troy Larrat,tlarrat6b@360.cn,Male,$5461.56,22.12.1994
229,Briant Sweetmore,bsweetmore6c@bigcartel.com,Agender,$5188.44,27.10.2002
230,Kaile Ripsher,kripsher6d@1und1.de,Female,$6141.38,29.10.1988
231,Deny Mintram,dmintram6e@wp.com,Female,$4664.27,28.9.1994
232,Maren Curbishley,mcurbishley6f@tripod.com,Female,$6134.68,12.10.1995
233,Ilka Jeggo,"",Female,$5161.97,1.10.2004
234,Merrill Gerckens,"",Female,$4226.95,1.4.1998
235,Hewitt Semens,"",Male,$5772.11,9.3.1987
236,Ashia Airy,aairy6j@mit.edu,Non-binary,€5653.36,28.12.1995
237,Layne Harewood,lharewood6k@harvard.edu,Female,$3403.84,24.8.1986
238,Godfree Aluard,galuard6l@tiny.cc,Male,$3664.59,14.2.1983
239,Riley Ryce,rryce6m@t-online.de,Male,$9448.9,12.7.1990
240,Terra McQuilkin,tmcquilkin6n@myspace.com,Female,$1599.99,14.1.2002
241,Rozalin Giblin,"",Female,$3910.09,14.5.1985
242,Valeda Auchinleck,vauchinleck6p@blogger.com,Female,€5425.22,21.9.1983
243,Kellsie Goman,kgoman6q@blogger.com,Female,€5162.88,2.2.1997
244,Alberto Miliffe,amiliffe6r@mit.edu,Male,$6664.95,10.6.1998
245,Allene Duchasteau,aduchasteau6s@desdev.cn,Female,$3619.5,14.4.1992
246,Odelia Benez,obenez6t@samsung.com,Female,$4730.66,21.3.1987
247,Philis Grigorian,pgrigorian6u@topsy.com,Female,€1058.63,15.2.1998
248,Earl Addyman,"",Male,$5794.6,13.3.1995
249,Adoree Pygott,apygott6w@ask.com,Female,$2064.34,11.6.2005
250,Guinevere Glyssanne,"",Female,$4296.6,29.12.1996
251,Weber Taree,wtaree6y@arizona.edu,Male,$9030.97,18.6.1983
252,Zach Burnsyde,zburnsyde6z@tripadvisor.com,Polygender,$5368.13,10.10.1986
253,Darbie Meatyard,dmeatyard70@google.de,Female,$4272.94,5.8.1982
254,Jarrad Maylott,jmaylott71@google.ca,Male,$3403.48,24.3.1988
255,Owen Ratter,oratter72@bloglines.com,Male,$4300.17,21.5.1987
256,Isadora Dever,idever73@virginia.edu,Female,$2670.17,23.11.1993
257,Delcina Ibbott,dibbott74@netscape.com,Female,€12458.79,9.12.1992
258,Jerrome Ilyukhov,jilyukhov75@newyorker.com,Male,$6353.36,15.6.1998
259,Crosby Darco,cdarco76@yandex.ru,Male,$1973.59,1.7.1991
260,Avis Miroy,amiroy77@ameblo.jp,Bigender,$5505.57,17.10.1994
261,Luce McEwan,lmcewan78@facebook.com,Female,$4001.8,24.12.1985
262,Armin Raysdale,araysdale79@redcross.org,Male,$4817.17,7.8.2005
263,Sherilyn Chessil,schessil7a@reddit.com,Female,$3995.21,2.5.1988
264,Huntlee Simanenko,hsimanenko7b@soundcloud.com,Male,$2535.49,24.3.1997
265,Janine Riguard,"",Female,$4921.19,11.1.1995
266,Lorry Marnane,lmarnane7d@eventbrite.com,Male,$4908.79,11.8.1996
267,Dewitt McPeck,dmcpeck7e@bloglovin.com,Male,$6668.29,31.5.1982
268,Elton Northidge,enorthidge7f@livejournal.com,Male,$5410.65,12.4.1991
269,Mari Terbrugge,mterbrugge7g@angelfire.com,Female,$5792.2,10.10.1998
270,Malinda McNellis,mmcnellis7h@tripod.com,Female,$2210.35,10.9.1993
271,Sara-ann Espine,sespine7i@so-net.ne.jp,Genderfluid,$2808.52,11.7.1984
272,Giles Marquand,gmarquand7j@dion.ne.jp,Male,$10546.38,9.7.2007
273,Robbert Esche,resche7k@hao123.com,Male,$3297.85,4.1.2005
274,Shana O'Logan,sologan7l@photobucket.com,Bigender,$8272.41,29.8.2005
275,Wendye Labin,wlabin7m@dyndns.org,Female,€3766.48,29.5.1984
276,Berny Fronsek,bfronsek7n@blogs.com,Male,$8793.22,14.10.2007
277,Gare Charity,"",Male,$5973.22,9.1.1989
278,Ainslie Eldon,aeldon7p@google.fr,Female,€2527.55,2.8.2000
279,Demeter Allenby,dallenby7q@fema.gov,Female,$411.11,6.10.1987
280,Meridel Thomelin,mthomelin7r@vinaora.com,Genderfluid,$6912.0,26.9.2003
281,Kitty Fayne,kfayne7s@networksolutions.com,Female,$2434.64,17.4.1992
282,Dorri Muscott,dmuscott7t@comcast.net,Female,€871.68,28.6.1986
283,Sally Dyke,sdyke7u@smh.com.au,Female,$2143.86,16.6.2003
284,Nananne Aumerle,naumerle7v@umn.edu,Female,$2211.6,11.5.1994
285,Kissee Babbs,kbabbs7w@storify.com,Female,$2554.91,24.11.1999
286,Iain Polly,ipolly7x@addthis.com,Male,$5982.91,13.3.2004
287,Lana Paff,lpaff7y@cafepress.com,Female,$3009.62,10.3.1985
288,Georgianna Lyfield,glyfield7z@cpanel.net,Female,$7798.53,1.4.1999
289,Leeann Britt,lbritt80@webnode.com,Female,$5854.11,11.3.1985
290,Karie Lattos,klattos81@ihg.com,Female,$3955.42,28.7.1985
291,Cort Cotterrill,ccotterrill82@ocn.ne.jp,Male,$4210.74,15.5.1990
292,Andromache Litt,alitt83@surveymonkey.com,Female,$5381.43,29.8.2002
293,Jan Di Antonio,"",Male,$4857.91,27.3.1991
294,Homere Raffeorty,hraffeorty85@ezinearticles.com,Male,$-164.63,2.9.2005
295,Ahmad Faraday,afaraday86@hhs.gov,Male,€3221.18,30.8.1991
296,Lucho Brotherhood,lbrotherhood87@arizona.edu,Male,$6594.31,20.3.1996
297,Uriah Lambole,ulambole88@icq.com,Male,$3816.88,26.8.2000
298,Arvy Leverage,aleverage89@prnewswire.com,Male,$1946.59,21.7.1989
299,Wallie Jerrard,"",Female,$7989.91,27.1.1985
300,Mehetabel Armatidge,marmatidge8b@tumblr.com,Female,€1980.73,8.12.1985
301,Pen Landells,plandells8c@fastcompany.com,Female,$5471.48,20.1.2005
302,Emalia Malthouse,"",Agender,€5193.03,21.9.1993
303,Violante Heskin,"",Female,$5553.28,26.5.1981
304,Marguerite Ismail,"",Female,$7754.5,29.8.2003
305,Bryon Nield,bnield8g@yale.edu,Male,$6014.39,19.7.2001
306,Kingston Ferreri,kferreri8h@nature.com,Male,$7279.43,8.3.1985
307,Natka Siemianowicz,nsiemianowicz8i@scribd.com,Female,$3776.99,28.12.2005
308,Vitia Deevey,vdeevey8j@twitpic.com,Female,€6712.14,14.12.1996
309,Alethea Bollands,abollands8k@newyorker.com,Female,$5780.56,10.12.2004
310,Colman Gatteridge,cgatteridge8l@shinystat.com,Male,$2735.54,19.5.1991
311,Sigismond McTrustrie,smctrustrie8m@nbcnews.com,Genderqueer,$4867.24,6.12.2002
312,Blondell Swiffan,"",Female,$8230.41,11.1.1981
313,Eduardo Pleager,epleager8o@cisco.com,Male,$5169.54,27.7.2003
314,Gardner Saberton,gsaberton8p@boston.com,Male,$4665.95,16.4.1987
315,Pen Burdas,pburdas8q@kickstarter.com,Male,$2023.23,16.1.1981
316,Aleta Parkey,aparkey8r@hostgator.com,Female,$3494.49,20.8.1989
317,Levey Midden,lmidden8s@typepad.com,Male,$3877.16,13.8.1999
318,Oliviero Dureden,odureden8t@tinypic.com,Male,$890.49,10.3.1996
319,Gerry Kermon,gkermon8u@google.com.au,Male,$4219.14,11.10.1981
320,Graham Aldrin,galdrin8v@i2i.jp,Male,$6866.68,7.4.1984
321,Victoir Bartul,vbartul8w@freewebs.com,Male,€7520.61,3.3.2000
322,Cobby Adelman,"",Male,$6150.97,14.2.1995
323,Tanny Cruden,tcruden8y@blogs.com,Male,$3143.58,27.3.1981
324,Gardy Bateman,gbateman8z@sohu.com,Male,$5231.57,3.11.1982
325,Verena Kimmince,vkimmince90@howstuffworks.com,Female,$2937.25,23.2.1996
326,Tom Blastock,"",Male,$5368.26,11.12.2006
327,Ardis Vasyukhichev,avasyukhichev92@free.fr,Female,$4094.44,25.3.2007
328,Virginia Sarver,vsarver93@cdbaby.com,Female,$4695.8,3.7.1988
329,Simonette Hulstrom,shulstrom94@stumbleupon.com,Female,$7115.65,29.8.1988
330,Aluino Terbeek,aterbeek95@goo.ne.jp,Male,$7747.23,15.3.1994
331,Lily Rembrant,lrembrant96@springer.com,Female,$6020.69,24.3.1986
332,Lorenza Kennelly,lkennelly97@facebook.com,Female,$7838.6,26.11.1994
333,Mycah Bindley,mbindley98@goodreads.com,Male,$4754.2,18.3.1992
334,Ki Geroldini,kgeroldini99@a8.net,Female,$3245.88,3.6.1995
335,Evelin Grocott,egrocott9a@bbc.co.uk,Male,$3599.29,11.2.1996
336,Ingamar Cohr,icohr9b@nhs.uk,Male,€3281.74,17.9.2004
337,Nicolina Worpole,nworpole9c@tamu.edu,Female,$4420.77,20.10.2007
338,Anjela Lewing,alewing9d@creativecommons.org,Female,$2689.63,23.11.1986
339,Sheila-kathryn Seak,sseak9e@yellowbook.com,Female,$2224.43,6.8.2004
340,Donelle MacBarron,dmacbarron9f@freewebs.com,Female,$2701.49,26.3.1987
341,Ron Gye,rgye9g@ftc.gov,Male,$3568.73,17.1.1985
342,Derwin Mulmuray,dmulmuray9h@wordpress.com,Male,€7883.93,21.5.1982
343,Davis Ibert,dibert9i@tiny.cc,Male,$6494.74,27.7.1986
344,Dominik Shilstone,dshilstone9j@deliciousdays.com,Male,$3315.8,12.8.2007
345,Jeannie Harteley,"",Agender,$2447.57,10.7.1989
346,Seymour Froment,sfroment9l@macromedia.com,Male,$4525.76,10.2.1983
347,Oliy Radclyffe,oradclyffe9m@eventbrite.com,Female,$7312.55,22.11.2005
348,Hillard Cosins,hcosins9n@blogtalkradio.com,Male,$5370.61,18.3.1981
349,Almeria Andrassy,aandrassy9o@state.gov,Female,$4023.79,23.2.2001
350,Nata Boote,nboote9p@parallels.com,Agender,€6978.44,30.3.1995
351,Trista Ladd,tladd9q@yandex.ru,Female,€407.8,16.7.1987
352,Berkeley MacNish,bmacnish9r@microsoft.com,Male,$6284.31,12.7.1987
353,Letta Llewelyn,lllewelyn9s@bizjournals.com,Female,$3549.11,8.9.2002
354,Georgiana Ullett,gullett9t@craigslist.org,Female,$7018.61,17.10.1998
355,Kenon Eades,keades9u@tinypic.com,Genderqueer,$1238.59,24.7.1994
356,Zaneta Bernardini,zbernardini9v@deviantart.com,Female,$1924.39,3.5.1996
357,Berti Styles,bstyles9w@marketwatch.com,Male,$3855.34,21.5.1990
358,Filip Grinham,fgrinham9x@mail.ru,Male,$3852.81,23.4.1988
359,Gearard Lodemann,glodemann9y@booking.com,Male,$2229.0,21.3.2004
360,Roselin Pettisall,rpettisall9z@illinois.edu,Female,$7150.11,1.12.2006
361,Cyril Grishanov,cgrishanova0@toplist.cz,Male,$3455.01,25.5.1996
362,Dallas Morad,dmorada1@latimes.com,Female,€8743.2,30.1.2006
363,Dalli McNeigh,dmcneigha2@hexun.com,Male,$4996.78,7.9.2006
364,Verge Berston,vberstona3@typepad.com,Male,$9755.19,21.7.1994
365,Linus Bras,lbrasa4@youtube.com,Male,$6705.18,13.12.2007
366,Woodman Jauncey,wjaunceya5@vistaprint.com,Male,€4280.35,31.7.1994
367,Patrick Anthona,panthonaa6@ycombinator.com,Male,$3095.59,14.4.1995
368,Jerrilyn Tawse,"",Female,$3691.98,20.1.1987
369,Corney McKeand,cmckeanda8@nyu.edu,Male,$909.2,23.11.2001
370,Kellina Paddemore,kpaddemorea9@sbwire.com,Bigender,$6887.12,20.4.2001
371,Braden Boughen,"",Male,$7801.29,6.11.1991
372,Ali Lynett,"",Polygender,$3535.69,11.11.1986
373,Robers Pecha,rpechaac@4shared.com,Male,$1050.56,6.6.2003
374,Poppy Coton,"",Female,$6979.06,19.12.2002
375,Dulcia Kollas,dkollasae@jugem.jp,Female,$9133.54,13.8.1998
376,Wade Lambrick,wlambrickaf@ebay.com,Male,€1653.64,17.6.1984
377,Taddeo Bathersby,tbathersbyag@nasa.gov,Male,$3382.77,21.9.2006
378,Ted Elvy,"",Female,$6658.45,21.8.1999
379,Bambi Prandi,bprandiai@yellowpages.com,Female,$6438.36,19.4.2000
380,Gaylor Dahl,gdahlaj@devhub.com,Agender,$3814.18,17.3.1994
381,Sarita Bussen,sbussenak@netscape.com,Female,$7763.79,13.2.2005
382,Madelena Hunt,mhuntal@chron.com,Bigender,$4144.7,19.10.2000
383,Emylee Boutwell,eboutwellam@hc360.com,Female,$3992.02,28.12.2001
384,Thorndike Andriss,tandrissan@wp.com,Male,$4630.72,2.8.1985
385,Cherye Gallichan,cgallichanao@netlog.com,Female,$4610.44,16.6.2005
386,Teena Jeffress,tjeffressap@ow.ly,Female,$2471.89,5.11.1992
387,Shantee Levin,slevinaq@fc2.com,Bigender,$5838.99,18.11.1981
388,Angeline Conley,aconleyar@naver.com,Female,$1426.16,21.1.1991
389,Glynn Takkos,gtakkosas@house.gov,Male,$3608.66,12.11.1989
390,Franchot Vittel,fvittelat@cbc.ca,Male,$5209.85,22.9.2005
391,Lindsay Erdis,"",Male,$3822.32,1.2.1984
392,Marice Gammet,mgammetav@redcross.org,Female,€4335.16,22.6.1985
393,Ruthy Marryatt,rmarryattaw@google.co.jp,Non-binary,$7238.75,2.1.1997
394,Blake De la Harpe,bdeax@booking.com,Male,$3212.4,9.10.2005
395,Lizzie Mowles,"",Female,$6763.21,23.4.1990
396,Matthias Cantle,"",Male,$7212.81,28.1.2004
397,Corilla Peealess,cpeealessb0@opera.com,Female,$6620.77,19.6.1987
398,Rikki Marquiss,rmarquissb1@mozilla.com,Male,$7089.05,25.5.1997
399,Roger Judkins,rjudkinsb2@theatlantic.com,Male,$2647.0,26.1.2006
400,Gallard Ingliby,ginglibyb3@mapquest.com,Male,$3805.93,3.11.1990
401,Ches Mellenby,cmellenbyb4@epa.gov,Male,$4250.15,21.8.1984
402,Ollie Wortman,"",Male,$1401.28,27.10.1986
403,Roderic Gamble,rgambleb6@dailymotion.com,Male,$4265.83,26.4.2003
404,Zack Easbie,zeasbieb7@phpbb.com,Male,€3074.64,5.6.1992
405,Oby O'Corr,"",Male,$3801.47,23.6.1999
406,Branden Billingham,bbillinghamb9@netscape.com,Male,$193.96,25.4.1985
407,Britt Juan,"",Female,$5020.92,29.12.1988
408,Maximo Andrysek,mandrysekbb@shareasale.com,Male,$5482.6,23.11.2001
409,Silva Sharpley,ssharpleybc@yandex.ru,Female,$1868.74,29.11.2001
410,Tedmund Andriuzzi,tandriuzzibd@eventbrite.com,Male,$6890.92,20.11.2002
411,Keene Bonson,kbonsonbe@multiply.com,Male,$4144.58,23.6.1990
412,Buck Ninnoli,bninnolibf@nifty.com,Male,$2496.38,5.10.2000
413,Ortensia Shoebridge,oshoebridgebg@elegantthemes.com,Female,$3733.52,27.8.2001
414,Amie Wimlett,awimlettbh@hhs.gov,Female,$2034.38,21.5.2003
415,Roman Barwell,rbarwellbi@rediff.com,Male,$4013.34,9.9.1990
416,Carlie Warner,cwarnerbj@zdnet.com,Male,$4449.21,19.12.1984
417,Bettine Creed,bcreedbk@yelp.com,Female,$6346.19,3.3.1989
418,Neale Jozsika,njozsikabl@fc2.com,Male,$7495.8,19.1.1981
419,Kaleb Faccini,kfaccinibm@about.me,Male,$5060.63,17.7.1987
420,Reynold Kohneke,"",Male,$3598.9,31.12.1996
421,Koren Stonuary,kstonuarybo@google.ca,Female,$5668.38,26.3.1995
422,Chick Luxmoore,cluxmoorebp@bbb.org,Male,$4652.78,14.11.2006
423,Martica Eagland,meaglandbq@economist.com,Bigender,€7736.23,27.1.1992
424,Inger Bodicam,ibodicambr@linkedin.com,Female,$7824.15,24.1.1987
425,Cal Peachment,cpeachmentbs@china.com.cn,Male,$4385.86,15.2.2004
426,Stanislas Chugg,"",Male,$4638.89,13.10.2001
427,Bealle Franses,bfransesbu@tumblr.com,Genderfluid,€6203.98,26.2.2002
428,Tracie Selway,tselwaybv@scribd.com,Male,$9514.54,2.4.1988
429,Nada Kubacki,nkubackibw@archive.org,Female,$4123.83,30.9.2006
430,Jeanie Finney,jfinneybx@cnet.com,Female,$2963.07,17.1.1982
431,Babs Hedditeh,bhedditehby@timesonline.co.uk,Female,$4528.8,24.6.1998
432,Laurence MacFadden,lmacfaddenbz@nifty.com,Male,$5913.05,16.12.1993
433,Nariko Sleford,nslefordc0@hao123.com,Bigender,$7294.38,3.12.2002
434,Urbain Gauvin,ugauvinc1@google.cn,Male,$5610.48,13.9.2003
435,Glyn Stiebler,gstieblerc2@youtu.be,Female,$4900.23,4.11.1982
436,Ronnie Simak,"",Female,$5602.6,3.9.1989
437,Archy Muckeen,amuckeenc4@tinypic.com,Male,$6860.68,21.12.1994
438,Edna Isaksson,eisakssonc5@prweb.com,Female,€7260.7,3.11.1997
439,Hiram Hadwen,hhadwenc6@tumblr.com,Male,$3076.66,15.11.1992
440,Fayina Dowry,fdowryc7@acquirethisname.com,Female,$3534.36,6.7.1992
441,Stearn Flohard,sflohardc8@over-blog.com,Male,$2277.09,5.3.2003
442,Samaria Scurrell,"",Female,$2287.35,17.2.1982
443,Lucy Sitford,lsitfordca@smugmug.com,Female,$8172.28,8.9.1998
444,Sander Poytress,"",Male,$6621.37,5.5.1984
445,Maggie Tremathack,mtremathackcc@state.gov,Female,$3966.05,19.5.2007
446,Bev Caulfield,bcaulfieldcd@yellowpages.com,Female,$5213.89,22.5.1988
447,Micki Schermick,mschermickce@uol.com.br,Female,$3675.3,21.1.1990
448,Milli Rout,mroutcf@techcrunch.com,Female,$4854.9,5.5.2007
449,Krishna Scoggan,kscoggancg@timesonline.co.uk,Male,$5190.11,8.4.2005
450,Maia MacDowal,mmacdowalch@yellowbook.com,Genderqueer,$3297.65,21.4.2007
451,Caz Bouskill,cbouskillci@csmonitor.com,Male,$3817.56,20.6.1995
452,Paxon Galer,pgalercj@wordpress.com,Male,$1839.4,31.3.2002
453,Maddalena Sleney,msleneyck@businessinsider.com,Female,$3483.29,17.12.1994
454,Angelia Deeble,adeeblecl@live.com,Female,$2263.18,19.11.1984
455,Claybourne Delbergue,cdelberguecm@engadget.com,Polygender,$6430.93,8.6.2002
456,Melodee Frank,mfrankcn@tripod.com,Female,$1355.15,15.1.1990
457,Bianca Jacqueminet,bjacqueminetco@google.co.jp,Female,$8521.46,2.10.1987
458,Kaylee Olijve,kolijvecp@macromedia.com,Female,$5141.06,30.4.2004
459,Vonni Handover,vhandovercq@wired.com,Female,$5360.58,23.8.2001
460,Justus Joberne,"",Male,$4300.9,14.2.2001
461,Harley Tooke,htookecs@discovery.com,Female,$3057.16,29.10.1983
462,Gabie Blundon,gblundonct@storify.com,Male,$3141.67,21.12.1987
463,Angelika Latey,alateycu@nature.com,Female,$4474.43,21.5.1998
464,Avery Ducaen,aducaencv@dailymotion.com,Agender,$4666.28,2.11.2002
465,Tait Perin,tperincw@seesaa.net,Male,$2782.22,18.7.1986
466,Alisha Van der Krui,avancx@ebay.co.uk,Female,$7828.01,23.5.2004
467,Giavani Bernardeschi,"",Male,$4690.55,22.4.1993
468,Ashby Carlisle,acarlislecz@sina.com.cn,Male,$3015.86,21.10.2001
469,Sinclare Haibel,shaibeld0@bluehost.com,Male,$7284.2,2.3.1997
470,Noah Skottle,nskottled1@sourceforge.net,Male,$4057.43,16.12.1997
471,Maryellen Spradbery,mspradberyd2@wix.com,Female,$6882.56,10.7.1991
472,Kristo Drejer,kdrejerd3@wikipedia.org,Male,$3755.04,5.2.1985
473,Winona Risebarer,wrisebarerd4@list-manage.com,Female,$4076.92,28.9.2002
474,Aggie enzley,aenzleyd5@auda.org.au,Female,$8736.19,29.2.2000
475,Darren Balducci,dbalduccid6@wufoo.com,Male,$3563.25,23.10.1993
476,Marcello Drance,mdranced7@samsung.com,Male,$2390.82,2.4.2003
477,Cassey Moxley,cmoxleyd8@oracle.com,Female,$55.02,27.6.2002
478,Diannne Burt,dburtd9@vistaprint.com,Female,$4754.02,9.2.1986
479,Carr Eliez,celiezda@fda.gov,Male,$7336.69,1.11.2002
480,Gerta Clemow,gclemowdb@github.com,Female,€3629.59,3.12.1996
481,Esta St Pierre,estdc@etsy.com,Female,$2563.86,1.2.1988
482,Joycelin Pibworth,jpibworthdd@theguardian.com,Female,$-653.85,4.3.1997
483,Giselle Cowap,"",Female,$2488.61,25.6.1995
484,Hermy Bacchus,hbacchusdf@elegantthemes.com,Male,$3362.25,4.8.2003
485,Simeon Toovey,"",Male,$3160.32,16.4.1988
486,Valentina Sawdon,vsawdondh@altervista.org,Female,$6132.98,15.11.1993
487,Francois Santello,fsantellodi@nbcnews.com,Male,$3474.75,8.11.1998
488,Sergeant Betteson,sbettesondj@adobe.com,Male,$1618.14,29.11.1989
489,Fielding Spelman,fspelmandk@51.la,Male,$813.04,11.11.1988
490,Shea Appleyard,sappleyarddl@technorati.com,Male,$4509.43,11.11.1996
491,Brooke Dorracott,bdorracottdm@cbslocal.com,Bigender,$6185.82,12.6.1989
492,Ebba Parsisson,eparsissondn@exblog.jp,Female,$6371.25,11.9.2005
493,Olympe Orum,oorumdo@biblegateway.com,Female,$4552.86,23.11.1988
494,Inez Davidsen,idavidsendp@google.nl,Female,$9040.67,21.9.1983
495,Alic Wrettum,awrettumdq@macromedia.com,Male,€6991.85,17.4.2007
496,Ashly Keets,akeetsdr@shop-pro.jp,Female,$4048.22,29.4.1986
497,Shara Stayte,sstayteds@issuu.com,Female,$6105.31,11.6.1982
498,Evelyn Olver,eolverdt@go.com,Female,$4191.71,13.12.2002
499,Berny Gosden,"",Male,€3399.16,25.1.1992
500,Nelson Raith,nraithdv@friendfeed.com,Male,$3518.75,30.12.2005
501,Katerine Exter,kexterdw@furl.net,Female,$3670.74,16.1.1995
502,See Norcliff,snorcliffdx@parallels.com,Male,$9601.6,26.11.1998
503,Fabien Patron,fpatrondy@exblog.jp,Male,$3701.6,4.5.1990
504,Ricky Alexsandrowicz,ralexsandrowiczdz@wp.com,Genderqueer,€4239.17,14.2.1988
505,Farris Kentish,fkentishe0@reuters.com,Male,$3802.26,27.7.1995
506,Ely McCoole,emccoolee1@hostgator.com,Male,$1595.84,22.6.1991
507,Carolynn Luney,cluneye2@epa.gov,Female,$2588.42,23.12.2002
508,Diena Diess,ddiesse3@google.ru,Female,$2354.85,9.7.1984
509,Xymenes Wainer,"",Male,$2545.45,27.5.1997
510,Stanford Toffano,stoffanoe5@deviantart.com,Male,$6322.87,26.1.1993
511,Carena Delagnes,cdelagnese6@nasa.gov,Female,$5976.3,19.10.1989
512,Torie Stockell,tstockelle7@newyorker.com,Female,€5699.8,28.6.1995
513,Engelbert Brinkworth,"",Bigender,$4887.05,19.5.1993
514,Charyl Fosse,cfossee9@walmart.com,Female,$4548.33,8.2.2003
515,Roberto Ballister,rballisterea@mlb.com,Male,€3298.47,22.6.2005
516,Rafaelita Albany,ralbanyeb@themeforest.net,Female,$6697.97,9.3.2005
517,Imogene Gonthier,"",Female,€3127.37,23.4.1990
518,Bartholomeo O' Dornan,boed@51.la,Male,$6835.09,27.7.1990
519,Dalton Macias,dmaciasee@typepad.com,Male,€6489.03,18.9.1983
520,Cherish Josifovic,cjosifovicef@fema.gov,Female,$1393.61,24.12.2007
521,Sheffy Antunes,santuneseg@pinterest.com,Male,$3224.95,12.4.1996
522,Gianni Schimonek,gschimonekeh@twitter.com,Male,$5090.23,21.6.2000
523,Sigismond Cusack,scusackei@feedburner.com,Male,$3329.64,9.9.1982
524,Ashla Assur,aassurej@phpbb.com,Female,$3437.06,10.9.2001
525,Emelen Northeast,enortheastek@surveymonkey.com,Male,$4581.12,29.7.1990
526,Poppy McDowell,"",Female,$8035.88,29.10.1983
527,Padraic Dargie,pdargieem@typepad.com,Male,$4658.47,9.3.1983
528,Giffie Kenion,gkenionen@google.es,Male,$1980.17,9.9.1982
529,Bendick Breffitt,"",Agender,$6146.55,29.4.1984
530,Maud Coller,mcollerep@ovh.net,Female,$5182.98,20.6.1995
531,Conan Brosnan,cbrosnaneq@slashdot.org,Male,$5230.84,30.5.1990
532,Noelani Deighan,ndeighaner@opensource.org,Female,$3906.38,24.5.1983
533,Nicky MacNeely,nmacneelyes@nyu.edu,Male,$4635.53,10.8.2002
534,Mozes Milleton,mmilletonet@clickbank.net,Male,$1255.05,19.5.1998
535,Shelden Ubank,subankeu@phoca.cz,Male,$5542.42,12.12.1986
536,Aldous Micah,amicahev@examiner.com,Male,€4308.83,25.3.1997
537,Carilyn Gatfield,cgatfieldew@about.com,Female,$5252.58,25.3.2006
538,Britte Sanbroke,bsanbrokeex@vk.com,Female,€6162.23,1.8.1985
539,Moses Daldry,mdaldryey@de.vu,Male,$1784.23,19.10.1998
540,Barrie Quincey,"",Male,$-889.95,28.7.2006
541,Jeremiah Rookesby,jrookesbyf0@buzzfeed.com,Male,$193.09,1.5.1994
542,Ardelis Allmond,aallmondf1@time.com,Female,$5897.2,23.9.1992
543,Nari Marchand,nmarchandf2@gmpg.org,Female,€2391.24,8.10.1999
544,Vale Balsillie,"",Male,$5614.46,12.2.1995
545,Lawton Cardis,lcardisf4@fc2.com,Male,$3239.0,11.1.1995
546,Benoit Gadsdon,bgadsdonf5@pcworld.com,Male,€4904.97,13.1.2007
547,Rosalie Setch,rsetchf6@noaa.gov,Bigender,$4870.21,11.3.1984
548,Federica Littley,flittleyf7@reference.com,Female,$1977.87,24.7.1983
549,Ricky Mateu,rmateuf8@behance.net,Male,$4725.87,26.5.1989
550,Olia Lowdham,olowdhamf9@wikia.com,Female,$5166.84,6.1.1994
551,Haskel Dunthorne,hdunthornefa@hud.gov,Male,$3233.22,29.10.1993
552,Hillary Scranney,hscranneyfb@disqus.com,Female,$4814.37,28.4.1984
553,Tiler Hance,thancefc@nbcnews.com,Male,$6158.57,16.5.1981
554,Nara O'Connor,"",Female,$2782.36,2.5.1981
555,Casar Brusby,"",Male,$3082.53,10.7.1991
556,Archibaldo Broom,abroomff@unicef.org,Male,$2944.42,31.3.1984
557,Ly Maty,lmatyfg@ftc.gov,Male,$5403.4,26.5.1986
558,Domenico Scudder,dscudderfh@tamu.edu,Male,€6733.74,27.2.1987
559,Shay Joe,sjoefi@mysql.com,Male,$5345.86,30.10.1984
560,Roanne Humbert,rhumbertfj@homestead.com,Female,$4846.46,29.11.1991
561,Archie Lamblin,"",Male,$5431.2,20.4.1985
562,Silas Matthius,smatthiusfl@technorati.com,Male,$6689.55,21.2.1991
563,Grover Macewan,gmacewanfm@japanpost.jp,Male,$2236.54,7.6.2004
564,Ira Tomlinson,itomlinsonfn@yale.edu,Female,$5239.69,8.10.2002
565,Klaus Herkess,kherkessfo@wix.com,Male,$6327.21,25.4.1983
566,Karmen Ladyman,kladymanfp@typepad.com,Female,$1988.95,8.3.2000
567,Liam Sleeford,lsleefordfq@ask.com,Male,$1825.79,12.4.1992
568,Fanya Veque,fvequefr@barnesandnoble.com,Female,$4043.21,5.4.1982
569,Dorotea Mountjoy,dmountjoyfs@hud.gov,Female,$2236.32,14.1.1991
570,Dane Morstatt,dmorstattft@sfgate.com,Male,€4111.24,28.8.2007
571,Tate Goodsall,tgoodsallfu@answers.com,Male,$3759.48,28.10.2002
572,Ermanno L'Episcopi,elepiscopifv@typepad.com,Male,$7712.9,19.8.1998
573,Ramonda Codlin,rcodlinfw@apple.com,Female,€4852.18,6.12.1992
574,Pooh Kernan,pkernanfx@newsvine.com,Female,$4447.34,22.11.1982
575,Phyllis Askie,paskiefy@blogspot.com,Female,$3530.99,7.8.2002
576,Jolyn Reuss,jreussfz@weather.com,Female,$4980.37,23.11.1992
577,Dorolisa Beddard,dbeddardg0@quantcast.com,Female,$5185.53,17.1.2003
578,Gracie Zecchini,gzecchinig1@mediafire.com,Female,€4555.14,23.11.1983
579,Dewain Jakoubek,djakoubekg2@dmoz.org,Male,$3624.24,10.1.1996
580,Emeline Kneaphsey,ekneaphseyg3@loc.gov,Genderqueer,$2594.77,19.6.1984
581,Karlotta Slader,ksladerg4@twitter.com,Female,$4852.71,7.3.1989
582,Pepita Cayton,pcaytong5@apple.com,Female,$4139.09,25.7.1993
583,Christiano Annell,cannellg6@ihg.com,Male,$2864.21,14.11.1992
584,Ileane Heineke,"",Female,$6526.02,24.8.1983
585,Tristan Lakeman,tlakemang8@economist.com,Male,$5211.61,31.12.1982
586,Pepita Doveston,pdovestong9@so-net.ne.jp,Non-binary,$6109.61,10.7.2007
587,Clevie Fust,cfustga@nsw.gov.au,Male,$4827.52,3.5.2001
588,Loretta Jeroch,ljerochgb@livejournal.com,Female,$1138.87,21.12.1988
589,Emmott Krahl,ekrahlgc@t.co,Male,$5872.95,28.1.1996
590,Cornall Gilliver,cgillivergd@narod.ru,Male,$3239.31,22.1.1982
591,Rebecka Bartak,rbartakge@shareasale.com,Female,€3951.44,22.9.1995
592,Guglielmo Carson,gcarsongf@zimbio.com,Male,$4320.67,31.8.1985
593,Basilio Few,bfewgg@cdbaby.com,Male,$4203.97,26.1.1983
594,Dory Climo,dclimogh@adobe.com,Male,$4807.44,21.11.1984
595,Montague Penniell,mpenniellgi@newsvine.com,Male,$3850.98,23.3.1998
596,Bil Peterken,bpeterkengj@eventbrite.com,Male,$5477.4,20.7.1998
597,Janelle Nannetti,jnannettigk@addtoany.com,Female,€5596.08,10.8.2003
598,Ephrem Duignan,eduignangl@netscape.com,Male,$7377.76,10.11.2001
599,Ingaborg Tommen,itommengm@qq.com,Female,$991.12,31.12.1987
600,Luigi Spellacy,lspellacygn@wikimedia.org,Genderqueer,$3985.37,23.4.1982
601,Karleen Sharphouse,ksharphousego@diigo.com,Female,$9143.08,28.10.1994
602,Lion Juorio,ljuoriogp@phpbb.com,Male,$7103.37,6.3.1995
603,Lindsey de Clerq,ldegq@scribd.com,Polygender,$8597.0,15.7.1982
604,Emory Dunphie,edunphiegr@list-manage.com,Male,$3384.78,7.7.1990
605,Jake Coleman,jcolemangs@mayoclinic.com,Male,$5310.1,18.8.1999
606,Erik Jowsey,ejowseygt@craigslist.org,Male,$2803.26,7.1.2001
607,Marga Illingworth,millingworthgu@tripod.com,Female,$5095.75,5.2.1983
608,Giulietta Gouth,ggouthgv@mediafire.com,Female,$3840.1,26.3.1996
609,Gloria Rendall,grendallgw@sciencedirect.com,Female,$3103.81,24.5.2003
610,Hynda Stancer,hstancergx@intel.com,Female,$4665.52,6.12.1993
611,Jabez Faldoe,jfaldoegy@census.gov,Male,$5098.25,27.3.2002
612,Kylie Mackin,kmackingz@creativecommons.org,Female,€7635.03,29.6.2007
613,Michelle Pieche,mpiecheh0@usa.gov,Female,$3366.25,9.10.2007
614,Claudina Ferrieroi,"",Female,$4399.19,1.2.2004
615,Vilhelmina Scantlebury,vscantleburyh2@tiny.cc,Non-binary,$4257.18,17.7.1992
616,Garwood Garlick,ggarlickh3@imageshack.us,Male,$3629.53,29.1.1991
617,Silvain Blinco,sblincoh4@skype.com,Male,$33.63,20.4.2007
618,Melloney Gebhard,mgebhardh5@hao123.com,Female,€1944.84,8.11.2006
619,Raymond Carsey,rcarseyh6@senate.gov,Male,$4453.04,14.1.1988
620,Uri de Chastelain,udeh7@people.com.cn,Male,$3788.46,11.3.1986
621,Niki Baynard,nbaynardh8@goo.ne.jp,Male,$5031.97,12.2.1997
622,Tanny Loveitt,tloveitth9@scientificamerican.com,Male,$4246.71,24.9.1990
623,Gay Nilges,gnilgesha@ebay.co.uk,Male,$2502.29,28.1.1992
624,Carolyne Stimson,cstimsonhb@wordpress.com,Polygender,$4526.1,30.10.1994
625,Karlie Clayal,kclayalhc@canalblog.com,Genderfluid,$3845.94,9.6.1992
626,Kori Endecott,kendecotthd@twitpic.com,Female,€4466.04,20.1.1983
627,Michelina Benediktsson,mbenediktssonhe@goo.ne.jp,Female,$11199.8,11.2.2003
628,Evelina Willcock,ewillcockhf@bravesites.com,Female,$4403.91,12.4.1989
629,Laurel Deyes,ldeyeshg@indiegogo.com,Female,$4916.18,14.9.2004
630,Corbie Aldins,caldinshh@nytimes.com,Male,$4211.68,12.8.1983
631,Tedi Standish,"",Female,$5129.57,23.6.2006
632,Sigismund Upstone,supstonehj@latimes.com,Male,€3562.11,28.10.1994
633,Ulick Allanby,uallanbyhk@mashable.com,Male,$5170.14,5.12.1981
634,Gradey Herreran,gherreranhl@jugem.jp,Male,$2231.16,9.6.2000
635,Vinita Casetti,vcasettihm@quantcast.com,Female,€5042.53,3.6.1985
636,Delmor Littlecote,"",Male,€1798.24,12.10.1987
637,Any Riediger,ariedigerho@bandcamp.com,Male,$3453.15,16.4.1997
638,Wilow Reinard,wreinardhp@google.pl,Female,$6512.51,30.8.1985
639,Marcos Piggen,mpiggenhq@mlb.com,Male,$4699.27,21.2.1999
640,Jack Gabbitas,jgabbitashr@opera.com,Male,$881.43,19.9.1997
641,Letty Colman,lcolmanhs@ustream.tv,Female,$3733.39,2.10.1991
642,Inigo Durman,idurmanht@sbwire.com,Male,$5521.85,5.11.1996
643,Adolphe Milington,"",Male,$2262.49,26.8.1982
644,Minny Blackmoor,mblackmoorhv@wired.com,Female,$2758.91,12.10.1996
645,Raviv Gillison,rgillisonhw@canalblog.com,Male,$2886.13,29.6.1984
646,Celestina Eliff,"",Female,$3910.49,27.9.2005
647,Leodora Vallentin,lvallentinhy@cafepress.com,Female,$5139.2,5.12.2002
648,Sanders Tiner,stinerhz@symantec.com,Genderfluid,€6160.27,7.8.2001
649,Barry Blakely,bblakelyi0@dell.com,Male,$5967.62,30.4.2007
650,Dallis Otter,dotteri1@bloomberg.com,Male,$5232.14,26.3.1982
651,Nancie Lathey,nlatheyi2@simplemachines.org,Female,€3374.57,26.12.1994
652,Aguistin Fitzsimons,afitzsimonsi3@foxnews.com,Male,$4773.49,11.12.2005
653,Ailey Stapels,astapelsi4@elpais.com,Female,$4897.94,6.11.2005
654,Rourke Paffett,rpaffetti5@comsenz.com,Male,$4298.3,15.2.1992
655,Elyssa Duplan,"",Female,$5332.55,2.1.1986
656,Lusa Dudney,ldudneyi7@redcross.org,Female,$5602.3,15.11.2006
657,Sile Grunwald,sgrunwaldi8@dagondesign.com,Female,$4944.98,7.7.1996
658,Giorgi Feldharker,gfeldharkeri9@geocities.com,Male,$5006.99,27.5.1990
659,Karlis Bowton,kbowtonia@wikia.com,Male,$4619.69,4.9.1985
660,Loella Lebbon,llebbonib@chron.com,Female,$5911.84,19.11.1997
661,Valencia MacDiarmid,vmacdiarmidic@diigo.com,Female,$1375.17,27.1.1987
662,Isidor Rawlison,"",Male,$5628.9,19.12.1997
663,Pia Leipnik,pleipnikie@people.com.cn,Female,€4034.46,17.1.1983
664,Frankie Esom,"",Male,$4924.02,8.5.2007
665,Odessa Sharville,osharvilleig@360.cn,Female,$138.67,19.11.1998
666,Charla Winham,cwinhamih@columbia.edu,Female,$5302.65,4.12.1987
667,Ethelind Gilby,"",Female,$5480.47,30.11.1994
668,Joe Watkiss,jwatkissij@constantcontact.com,Male,$4151.18,5.7.1995
669,Opal Ceschini,oceschiniik@csmonitor.com,Female,$6068.21,9.4.2007
670,Scot Minithorpe,sminithorpeil@reverbnation.com,Male,$3730.96,8.6.1996
671,Fin Flipsen,"",Male,$2259.5,28.3.2007
672,Vitoria Trevett,"",Female,€7257.03,2.1.1998
673,Dexter Hiorn,dhiornio@scribd.com,Male,$3529.17,23.7.1989
674,Mattie Worgan,mworganip@wordpress.com,Male,$4404.7,5.6.1999
675,Imogen Bauer,ibaueriq@naver.com,Bigender,$5285.57,14.5.2003
676,Parke Le Fleming,pleir@cnet.com,Male,$849.65,13.10.2006
677,Constantine Kemish,"",Female,$3582.39,6.6.2004
678,Ann-marie Arnson,aarnsonit@nasa.gov,Female,$4947.41,20.8.1992
679,Shirline Fowles,sfowlesiu@va.gov,Female,$3220.83,12.9.1995
680,Lindon Fair,lfairiv@hud.gov,Male,$-1278.74,19.12.1983
681,Teri Seamarke,tseamarkeiw@alexa.com,Female,€2897.18,24.11.2000
682,Umberto Cafe,"",Male,$2242.16,4.1.1987
683,Saunderson Mulroy,smulroyiy@va.gov,Male,€2768.76,10.3.1990
684,Leisha Freed,lfreediz@zdnet.com,Female,$4549.64,5.4.1986
685,Melisandra Guiver,mguiverj0@ifeng.com,Female,$4126.59,18.11.1999
686,Cherise Ahrenius,cahreniusj1@baidu.com,Female,$5941.42,14.1.2006
687,Starlin Bouzek,sbouzekj2@accuweather.com,Female,$4340.6,14.5.2002
688,Minette Kohler,mkohlerj3@baidu.com,Female,$2888.11,28.2.1989
689,Bobinette Ianiello,bianielloj4@yelp.com,Female,$4642.21,1.7.1990
690,Elwyn Brigdale,ebrigdalej5@networkadvertising.org,Male,€9082.93,16.9.2005
691,Margie Childes,mchildesj6@mozilla.org,Female,$5865.33,24.11.1990
692,Donni Irlam,dirlamj7@constantcontact.com,Genderfluid,$6572.89,25.8.1986
693,Lissie Chetham,lchethamj8@aol.com,Genderqueer,€5393.19,11.6.1999
694,Domenic Raff,draffj9@1und1.de,Male,$3075.41,20.6.1991
695,Nomi Sebring,nsebringja@utexas.edu,Female,$5983.39,19.6.1993
696,Gwennie de Juares,gdejb@army.mil,Female,$3363.65,14.10.2007
697,Emelia Gulliver,egulliverjc@yandex.ru,Polygender,$4500.44,31.1.1994
698,Melina De Ambrosis,"",Female,$4308.79,25.1.2006
699,Gwynne Stebbings,gstebbingsje@artisteer.com,Female,$3159.2,2.6.2001
700,Jaye Kollatsch,jkollatschjf@technorati.com,Male,$1730.25,20.10.1983
701,Wheeler Giffin,wgiffinjg@t.co,Male,$6485.75,7.11.1996
702,Patricio Gwatkin,pgwatkinjh@cmu.edu,Male,$6978.63,25.12.1995
703,Cortney Pinkard,cpinkardji@surveymonkey.com,Female,$5577.74,13.9.2000
704,Trenna Nerval,"",Female,$4574.37,12.6.1992
705,Lane Redhead,lredheadjk@prnewswire.com,Female,$5556.24,21.7.1986
706,Kain MacGowing,kmacgowingjl@census.gov,Male,$6174.68,21.6.2002
707,Merline Bellsham,mbellshamjm@springer.com,Female,$1813.38,21.9.2007
708,Netti McWilliam,nmcwilliamjn@who.int,Female,$5087.54,24.9.1988
709,Laura Piola,lpiolajo@ft.com,Female,$3880.8,8.7.2007
710,Dewie Pollins,dpollinsjp@yandex.ru,Male,$3462.66,5.7.1982
711,Pernell Tybalt,ptybaltjq@java.com,Male,$6626.41,30.5.1984
712,Fawnia Costerd,fcosterdjr@altervista.org,Female,$3772.86,31.1.1993
713,Duke Hazart,dhazartjs@t.co,Male,$5138.38,13.4.2006
714,Brenden Sirett,bsirettjt@google.ca,Male,€4090.07,12.11.2003
715,Elle Wedgwood,ewedgwoodju@google.com,Female,$4623.72,31.5.2007
716,Olivie Bloyes,obloyesjv@hao123.com,Female,$5488.47,25.3.2003
717,Patty Gaskell,pgaskelljw@uol.com.br,Male,$3296.65,22.3.2004
718,Miranda Parsell,mparselljx@nifty.com,Female,$917.33,28.4.2005
719,Lizzy Guitel,lguiteljy@acquirethisname.com,Female,$2797.05,20.1.2003
720,Jude O'Sculley,josculleyjz@omniture.com,Male,$6144.6,21.8.2001
721,Agnella McGookin,amcgookink0@netscape.com,Female,€3713.39,10.11.2005
722,Ilyse Fligg,ifliggk1@nytimes.com,Polygender,$2651.99,6.4.1981
723,Manda Lawie,mlawiek2@nih.gov,Female,$3766.01,16.9.1991
724,Fannie Wogden,"",Female,$8037.4,7.5.2005
725,Marlowe Feavearyear,mfeavearyeark4@aol.com,Male,€5625.34,4.1.1997
726,Therese Kimmings,tkimmingsk5@vkontakte.ru,Female,$768.41,23.12.1991
727,Dedra Lodin,dlodink6@goo.gl,Female,$6546.62,24.6.1991
728,Dulcine Ducastel,dducastelk7@livejournal.com,Female,$3247.02,14.9.1993
729,Alvie Beades,abeadesk8@tamu.edu,Male,$4190.35,7.10.1997
730,Magdalen Popescu,mpopescuk9@furl.net,Genderfluid,$3810.93,7.5.1983
731,Kriste Cocozza,kcocozzaka@artisteer.com,Female,$4034.13,28.8.1986
732,Pavlov Mokes,pmokeskb@spiegel.de,Genderqueer,$5597.87,10.8.1983
733,Cleavland Legonidec,clegonideckc@yahoo.co.jp,Male,€2740.02,2.1.2005
734,Paolo Leftly,"",Male,$5174.59,2.8.2007
735,Audi Krzyzanowski,akrzyzanowskike@blogtalkradio.com,Female,$3524.18,11.1.1997
736,Merrel Samples,msampleskf@domainmarket.com,Male,$4320.74,29.5.1990
737,Josephina Linsley,jlinsleykg@sphinn.com,Genderfluid,$971.84,6.6.1998
738,Harman Huelin,hhuelinkh@vinaora.com,Male,$6539.05,29.6.2000
739,Gavrielle Dyble,gdybleki@aol.com,Female,$4441.15,19.1.2005
740,Herc Piechnik,hpiechnikkj@cdc.gov,Male,$4945.36,6.8.2003
741,Forbes Friedman,"",Male,$3166.47,9.5.2007
742,Broddy Connal,bconnalkl@altervista.org,Male,€7375.95,11.8.1989
743,Onida Dewett,odewettkm@senate.gov,Female,$4360.93,26.1.1995
744,Bale Bartolomeotti,"",Male,$5573.86,21.7.2002
745,Jade Fontin,jfontinko@un.org,Agender,$4907.58,11.11.1989
746,Heall Lerner,"",Male,$5349.25,29.3.1983
747,Heloise Creeghan,hcreeghankq@desdev.cn,Bigender,$7532.26,5.5.2004
748,Gabriela McLaren,gmclarenkr@issuu.com,Female,$2381.49,1.12.2000
749,Kamilah Thunderchief,kthunderchiefks@twitter.com,Non-binary,$1521.47,15.6.1996
750,Caspar Kirkam,ckirkamkt@e-recht24.de,Male,$9953.35,1.4.1984
751,Joe Wharin,jwharinku@umich.edu,Male,$5416.37,23.1.2004
752,Cornelius Stickel,cstickelkv@elpais.com,Male,$8235.86,21.4.1982
753,Sonnie Tracy,stracykw@vimeo.com,Female,$4142.91,25.7.1994
754,Catrina MacGaughy,cmacgaughykx@topsy.com,Female,$4293.11,15.7.2003
755,Sonnie Conlaund,sconlaundky@omniture.com,Female,$4313.9,1.1.1998
756,Nye Kirkebye,nkirkebyekz@washington.edu,Genderqueer,$3112.22,1.5.1998
757,Nora Aiston,naistonl0@patch.com,Female,$4012.24,5.7.1983
758,Reuven Guillon,rguillonl1@prlog.org,Male,€7270.68,19.10.1986
759,Reece Weir,"",Male,$3395.65,4.5.2007
760,Timotheus Pringour,tpringourl3@sfgate.com,Male,€7610.46,12.1.1984
761,Ashlen Thunnercliffe,athunnercliffel4@surveymonkey.com,Genderqueer,$7903.38,17.9.1990
762,Miquela Sheach,msheachl5@bandcamp.com,Genderqueer,$3735.67,24.3.2001
763,Abbey Dackombe,adackombel6@buzzfeed.com,Male,$6034.24,15.9.1984
764,Aubry Doe,adoel7@hud.gov,Female,$6357.45,31.10.1993
765,Cherri Vondrys,cvondrysl8@theatlantic.com,Female,$1851.49,19.11.1992
766,Peadar Vanlint,pvanlintl9@virginia.edu,Male,$4041.9,9.3.1990
767,Ulberto Scoggins,uscogginsla@wiley.com,Male,$2087.0,24.12.1994
768,Rabi Gerretsen,rgerretsenlb@google.com,Male,$7623.39,4.6.1986
769,Kristi Harston,kharstonlc@arizona.edu,Female,$4584.17,19.7.2006
770,Itch Meert,imeertld@edublogs.org,Genderfluid,$6575.67,18.12.1981
771,Tiebout Ionnisian,tionnisianle@businesswire.com,Male,€4749.48,11.7.2003
772,Selestina Godbald,sgodbaldlf@51.la,Female,€4030.02,17.5.1990
773,Milicent Lawey,mlaweylg@wikipedia.org,Female,$3394.42,11.10.2000
774,Vladimir Curado,vcuradolh@dot.gov,Agender,$8611.31,25.3.1996
775,Farlee Sciusscietto,fsciussciettoli@nba.com,Male,$4897.56,12.11.1991
776,Ephrem Grzesiak,"",Male,$6927.16,18.3.1989
777,Vasily Coolson,vcoolsonlk@sourceforge.net,Male,$4292.0,8.4.1983
778,Carlene Kitchingham,ckitchinghamll@ebay.co.uk,Female,$1185.94,22.11.1995
779,Brigitte Spurdon,bspurdonlm@mac.com,Female,$7980.94,24.8.1983
780,Domeniga Thorbon,dthorbonln@dot.gov,Female,$4237.28,3.10.1998
781,Hillary Francesch,hfranceschlo@cnbc.com,Female,$5597.43,11.9.1996
782,Ernst Howorth,ehoworthlp@exblog.jp,Male,€2452.15,29.6.2001
783,Kit Hail,khaillq@statcounter.com,Male,$7236.33,28.5.1995
784,Lacie Anniwell,lanniwelllr@wufoo.com,Female,$7801.25,2.11.2006
785,Bjorn Cowitz,bcowitzls@artisteer.com,Male,€3573.46,6.7.1986
786,Inglis McVeagh,imcveaghlt@chron.com,Male,$2794.6,2.5.1989
787,Vicki Featenby,vfeatenbylu@ox.ac.uk,Female,$4374.29,23.4.2004
788,Perla Gelardi,pgelardilv@typepad.com,Female,$4916.17,4.1.1989
789,Dannie McLaverty,dmclavertylw@noaa.gov,Female,$3684.22,4.8.2003
790,Evangeline Dunsire,edunsirelx@nsw.gov.au,Female,$4065.29,8.6.1992
791,Ilyse Moncrefe,imoncrefely@gmpg.org,Genderqueer,$3980.73,16.7.1984
792,Benjamen Campe,bcampelz@goo.gl,Male,$2301.88,17.12.1986
793,Ronald Ham,rhamm0@tripod.com,Male,$7951.16,18.9.2002
794,Babs Piniur,bpiniurm1@hp.com,Female,$5177.19,24.10.1984
795,Denver Prati,"",Male,$4159.51,19.3.1981
796,Dilly Callicott,dcallicottm3@quantcast.com,Genderfluid,$4360.85,25.11.2001
797,Lark Woodrow,lwoodrowm4@networkadvertising.org,Female,$6584.82,26.10.1997
798,Fayette Janicijevic,fjanicijevicm5@zdnet.com,Female,$4902.86,14.3.1985
799,Terry Margerrison,tmargerrisonm6@purevolume.com,Male,$6885.98,5.1.1998
800,Olvan Schwant,oschwantm7@ucoz.ru,Male,$3277.31,23.8.2006
801,Drucie Dive,ddivem8@irs.gov,Female,$2716.05,30.11.2002
802,Falkner Mil,fmilm9@hugedomains.com,Male,$846.56,4.1.1982
803,Pavia Hargreves,phargrevesma@php.net,Polygender,$5793.29,26.4.1993
804,Alla Halfacree,ahalfacreemb@springer.com,Female,$3734.54,17.6.1992
805,Lib Slewcock,lslewcockmc@hostgator.com,Female,$2524.46,20.5.2001
806,Mag Girke,mgirkemd@1und1.de,Female,€2879.01,25.12.2006
807,Lyndsey Straine,lstraineme@stanford.edu,Female,$6308.56,18.5.2006
808,Mycah McQuaid,mmcquaidmf@1und1.de,Male,€1389.37,18.8.1991
809,Nettie Cisson,ncissonmg@sbwire.com,Female,$6393.13,22.4.1986
810,Agace Cossom,acossommh@tinyurl.com,Female,$6588.12,9.3.2003
811,Tiphany Reeken,treekenmi@mapy.cz,Female,$6248.79,18.4.2006
812,Sherlock Cantero,scanteromj@usa.gov,Male,$4259.07,23.5.1993
813,Murdock Marguerite,mmargueritemk@mtv.com,Male,$3692.06,13.8.2002
814,Farrell Castanho,fcastanhoml@usgs.gov,Male,$3946.97,9.2.1996
815,Merrili Priddis,mpriddismm@twitter.com,Genderfluid,$2900.8,6.11.1992
816,Natalie Giorio,ngioriomn@marriott.com,Female,$3482.51,29.7.1988
817,Damita Keson,dkesonmo@amazonaws.com,Female,$3886.64,29.3.1999
818,Lemmy Sondon,lsondonmp@arizona.edu,Male,$3414.28,9.11.1983
819,Marina Sprake,msprakemq@adobe.com,Female,$4345.69,19.11.1996
820,Onida McGaughie,"",Female,$1775.43,19.12.1992
821,Lazare Sandercroft,lsandercroftms@wordpress.org,Male,$7134.72,14.10.1997
822,Berrie Cobain,bcobainmt@lulu.com,Female,$5616.14,18.8.1984
823,Karon Stouther,kstouthermu@addthis.com,Female,€5706.45,26.10.2000
824,Fitz Venneur,fvenneurmv@xing.com,Male,$5251.92,9.8.1991
825,Tammie Chalke,tchalkemw@intel.com,Male,$3467.02,16.7.1981
826,Kimmie Duding,kdudingmx@dell.com,Agender,$7905.84,18.6.1982
827,Linn Rustich,lrustichmy@livejournal.com,Bigender,$6807.37,19.8.1981
828,Jacqui Romeril,jromerilmz@soup.io,Female,$5231.15,19.8.1982
829,Hyacinth Hazelton,"",Female,$4638.71,19.8.2007
830,Cam Eastcourt,ceastcourtn1@blog.com,Male,€5751.29,1.6.1988
831,Mathias Dugood,mdugoodn2@skyrock.com,Male,$1813.99,16.3.1994
832,Kalli Berrick,kberrickn3@dailymail.co.uk,Female,$6226.7,20.1.1981
833,Haley Kitchingman,hkitchingmann4@uol.com.br,Male,€5897.19,17.12.1994
834,Tania Laverock,tlaverockn5@comsenz.com,Female,$2294.8,6.6.1982
835,Meier Balaizot,"",Male,$5063.84,26.9.1984
836,Karel Halahan,khalahann7@mail.ru,Male,$9380.43,17.9.1989
837,Mic Furmedge,mfurmedgen8@reference.com,Male,$8682.04,18.5.2003
838,Letitia Kermode,lkermoden9@about.com,Female,$5232.82,24.8.1986
839,Sawyer Philipart,sphilipartna@rediff.com,Male,$3761.27,30.12.2000
840,Florenza Duddan,"",Female,$8467.1,28.11.2006
841,Clive Chamberlain,cchamberlainnc@yellowpages.com,Male,$6609.68,7.6.1984
842,Magdalene Ziems,"",Female,$6824.72,19.2.2003
843,Bridgette Morphet,bmorphetne@exblog.jp,Bigender,€4912.28,29.12.1985
844,Stirling Artus,sartusnf@nyu.edu,Male,$5018.98,28.1.1989
845,Arne Boays,aboaysng@unesco.org,Male,$4454.05,17.8.1996
846,Rodrique Strowther,rstrowthernh@themeforest.net,Male,€5068.76,27.9.1999
847,Vanessa Blumire,vblumireni@posterous.com,Female,€5554.21,29.2.2000
848,Nertie Dounbare,ndounbarenj@salon.com,Female,$7134.24,10.3.1989
849,Dasya Jandl,djandlnk@omniture.com,Female,$7203.79,22.3.1998
850,Mariquilla Ohrtmann,mohrtmannnl@apache.org,Female,€4660.84,26.5.1982
851,Gavra Rawnsley,grawnsleynm@rambler.ru,Female,$2520.43,6.4.1994
852,Aleksandr Ilyenko,ailyenkonn@posterous.com,Non-binary,€3725.93,13.8.2002
853,Danit Trigg,dtriggno@hexun.com,Female,$4161.5,26.1.1988
854,Tonya Burds,"",Female,$6607.03,24.4.1995
855,Dominica Govern,"",Female,$3331.5,17.3.2006
856,Bronson Reddihough,"",Male,$6033.9,2.9.1990
857,Ian Fetherston,ifetherstonns@shop-pro.jp,Polygender,€2768.7,7.10.1998
858,Arlen Alvarado,aalvaradont@slideshare.net,Female,$5057.57,4.1.2001
859,Hastings Blaza,"",Agender,$7995.87,18.5.1992
860,Amelia Joblin,ajoblinnv@zdnet.com,Female,$6961.3,16.12.1989
861,Micheline Ellam,mellamnw@wikipedia.org,Female,$3196.84,14.2.1996
862,Jody Joesbury,jjoesburynx@github.io,Male,$3667.04,20.9.1989
863,Werner Skill,wskillny@psu.edu,Male,$6127.03,5.12.1988
864,Pauline Wheway,pwhewaynz@samsung.com,Female,$4801.15,8.9.2005
865,Julie Vallack,jvallacko0@jiathis.com,Female,$4050.17,2.10.1997
866,Tedie Whiten,twhiteno1@umn.edu,Male,$7537.82,7.6.1986
867,Ingelbert Blackwell,iblackwello2@cmu.edu,Male,$4518.25,12.4.2004
868,Meryl Timson,mtimsono3@xing.com,Male,$6334.31,4.10.1996
869,Charlotte Millyard,cmillyardo4@cpanel.net,Female,$2767.11,24.10.1983
870,Justus Seeger,jseegero5@mac.com,Male,€2769.65,31.10.2002
871,Olly Ismail,oismailo6@mashable.com,Female,$3911.48,30.1.2003
872,Jade Paulig,jpauligo7@ca.gov,Female,$6584.47,5.2.1983
873,Althea Haggarty,"",Female,€4161.03,12.9.1983
874,Maureen Geale,"",Female,$8289.6,21.4.1982
875,Alon Dunstone,adunstoneoa@wisc.edu,Male,€5184.36,16.8.1994
876,Virgie Algeo,valgeoob@businessweek.com,Male,$6738.68,11.11.1998
877,Gabriellia Gounet,ggounetoc@cam.ac.uk,Female,$3116.54,31.12.1994
878,Cammy Winsbury,"",Male,$1481.47,9.5.2007
879,Ilene Saunton,isauntonoe@craigslist.org,Female,$4737.23,25.11.1998
880,Raviv O'Connell,roconnellof@free.fr,Male,$3865.48,11.7.1993
881,Blane Decourcy,bdecourcyog@bigcartel.com,Male,$5298.16,29.1.2007
882,Daryle Farleigh,dfarleighoh@oakley.com,Male,$7888.84,3.3.1987
883,Theresa Spieck,tspieckoi@yellowbook.com,Female,$6958.44,5.2.1982
884,Seka Eliyahu,seliyahuoj@mozilla.org,Female,$4347.87,16.10.2006
885,Celina Mathwin,cmathwinok@squidoo.com,Female,$3301.22,26.4.1988
886,Ross Jevon,"",Male,$2272.41,29.7.2007
887,Farlie Schutter,fschutterom@quantcast.com,Male,$4058.1,28.1.2004
888,Dania Balser,dbalseron@wikimedia.org,Female,$2601.32,8.11.1994
889,Rozella Hourihane,rhourihaneoo@joomla.org,Female,$5782.98,16.1.1983
890,Tanney Larmouth,tlarmouthop@wikipedia.org,Male,$2267.11,23.3.1989
891,Sasha Grima,sgrimaoq@constantcontact.com,Female,$6134.1,28.3.1995
892,Marne Burel,mburelor@mapquest.com,Female,$4303.4,2.10.1986
893,Fitzgerald Glaum,fglaumos@youku.com,Male,$3912.68,30.11.2005
894,Aaron Gomez,agomezot@goo.gl,Male,$3727.24,21.10.1999
895,Lemmie Enderlein,"",Male,$4650.42,2.4.1994
896,Kev Collecott,kcollecottov@zimbio.com,Polygender,€4692.37,12.8.1985
897,Reena Skellern,rskellernow@dmoz.org,Female,$5399.28,14.4.2002
898,Elysia Boyton,eboytonox@nature.com,Female,$3841.18,27.6.1994
899,Bonnibelle Sheal,bshealoy@imdb.com,Female,$5225.64,19.12.1985
900,Erny Stranahan,estranahanoz@nydailynews.com,Male,$3794.57,17.12.1985
901,Kermit Skeemor,kskeemorp0@networksolutions.com,Male,$3853.12,18.9.1985
902,Elnar Oran,eoranp1@ebay.co.uk,Male,$5648.04,4.7.2007
903,Nessi Ayllett,nayllettp2@multiply.com,Female,$3705.99,31.5.1983
904,Dell Jeanel,"",Female,$5320.66,1.9.1994
905,Heindrick Nary,hnaryp4@sohu.com,Male,$2549.85,24.12.1986
906,Shanna Dulanty,sdulantyp5@1und1.de,Female,$6900.55,24.5.2002
907,Albertine Orring,aorringp6@aol.com,Female,$6145.16,20.9.1981
908,Marv Westney,mwestneyp7@dot.gov,Genderfluid,$3732.74,22.8.1982
909,Mateo Heasly,mheaslyp8@infoseek.co.jp,Male,$5442.73,22.5.1986
910,Claudetta Cheese,ccheesep9@youtube.com,Female,$4855.45,2.1.1981
911,Arri Gillard,"",Male,$6961.62,12.6.1990
912,Hamil Piechnik,hpiechnikpb@ameblo.jp,Male,$4473.26,8.12.2001
913,Alwin Thomkins,athomkinspc@timesonline.co.uk,Agender,$3133.57,17.6.1987
914,Arnoldo Rabl,arablpd@techcrunch.com,Male,$9186.33,15.4.1989
915,Clemence Doohey,"",Female,$6156.88,29.8.2000
916,Tiffy Moody,tmoodypf@blog.com,Female,$5802.12,18.4.1987
917,Veronike St. John,vstpg@cyberchimps.com,Genderfluid,$3659.26,18.9.1997
918,Wolfy Guile,wguileph@tinyurl.com,Male,€1890.21,2.11.2001
919,Fairfax Grigoryev,fgrigoryevpi@discuz.net,Male,$4021.79,4.4.1981
920,Uriah Gernier,ugernierpj@mediafire.com,Male,$4289.05,26.3.1993
921,Jaimie Burt,"",Male,$7364.23,2.8.2005
922,Davide O'Scanlon,doscanlonpl@multiply.com,Male,$6077.59,3.1.1999
923,Kakalina Merioth,kmeriothpm@dedecms.com,Female,$5110.13,21.7.1998
924,Robinette Walford,rwalfordpn@163.com,Female,$6409.92,2.10.2003
925,Yasmeen Meeny,"",Female,$5252.98,10.9.2006
926,Erroll Matfin,ematfinpp@issuu.com,Male,$2554.28,18.1.1998
927,Veriee Lafond,vlafondpq@simplemachines.org,Female,$4868.16,8.9.1982
928,Tobye Tuftin,ttuftinpr@chronoengine.com,Female,$4509.26,15.9.1985
929,Wilma O'Gaven,wogavenps@buzzfeed.com,Female,€2807.51,24.11.1981
930,Gabbie Taggerty,gtaggertypt@wikispaces.com,Male,$5771.94,23.2.1991
931,Stefano Varley,"",Male,$33.71,28.8.1986
932,Lorrayne O' Sullivan,"",Female,$3626.78,16.2.1983
933,Carol-jean Vardie,cvardiepw@cisco.com,Female,€8742.04,19.4.1995
934,Kaia Hearmon,khearmonpx@fotki.com,Female,$4802.06,13.8.1981
935,Maurizia Major,mmajorpy@shutterfly.com,Female,$3889.45,14.3.2002
936,Rosa Bellam,rbellampz@nyu.edu,Female,$6540.91,21.11.1992
937,Mollee Neward,mnewardq0@wikia.com,Female,$8485.34,6.8.1981
938,Sharyl Meeking,"",Female,$3011.95,6.10.1994
939,Sherye Brigshaw,sbrigshawq2@instagram.com,Female,$4543.72,20.5.1985
940,Elton Keir,ekeirq3@timesonline.co.uk,Male,€4408.76,1.5.1994
941,Harmony Loffhead,hloffheadq4@shareasale.com,Female,$6641.53,9.3.1995
942,Connie Hollyer,chollyerq5@flickr.com,Male,$5262.95,27.5.2004
943,Tobit Thistleton,tthistletonq6@bravesites.com,Male,$5882.09,18.10.1998
944,Audrie Fero,"",Female,$6113.69,7.9.1993
945,Sunshine Tourne,"",Female,$4848.88,1.1.1997
946,Rhonda Howles,rhowlesq9@un.org,Female,€4267.53,6.5.2000
947,Lucho Mapston,lmapstonqa@smugmug.com,Male,$617.08,27.5.1992
948,Stephannie Fishbourn,"",Female,$6859.01,20.7.1984
949,Mackenzie Humphrys,mhumphrysqc@ameblo.jp,Male,$6479.28,30.9.1989
950,Benedicta Snookes,bsnookesqd@deviantart.com,Female,$3829.36,15.2.2002
951,Noell Cocker,ncockerqe@sphinn.com,Female,$5293.63,21.5.2006
952,Phelia Cathcart,pcathcartqf@cmu.edu,Female,$4457.97,5.7.1991
953,Danyette Slaten,dslatenqg@angelfire.com,Female,$2827.52,19.2.2004
954,Ivar Franken,ifrankenqh@soundcloud.com,Male,$1895.91,12.2.1989
955,Pall Karchowski,pkarchowskiqi@1und1.de,Male,$3191.86,16.7.1992
956,Brian Miall,"",Male,$2425.62,16.2.2003
957,Silvester McAlpine,smcalpineqk@ibm.com,Male,$6968.51,17.8.1985
958,Emmanuel Caudrey,ecaudreyql@drupal.org,Male,$5303.5,21.5.2004
959,Alastair Delcastel,adelcastelqm@xing.com,Male,$5873.85,23.7.1999
960,Sheena Beacock,sbeacockqn@dailymail.co.uk,Female,$5288.79,29.1.1986
961,Orazio Studman,ostudmanqo@bloomberg.com,Male,$6151.53,10.4.1983
962,Joleen Simenet,jsimenetqp@msu.edu,Female,€218.09,19.10.1998
963,Jervis Mollett,jmollettqq@berkeley.edu,Male,$3613.36,1.2.1995
964,Aleen Riccione,ariccioneqr@amazon.co.jp,Female,$5237.91,7.8.2000
965,Eli Arrighetti,earrighettiqs@intel.com,Male,$5876.2,28.6.1992
966,Davin Keneford,dkenefordqt@seattletimes.com,Male,$3893.21,29.6.2006
967,Minnie Hussell,mhussellqu@bluehost.com,Female,$5615.74,13.4.2001
968,Amelita Pachta,apachtaqv@mozilla.com,Genderfluid,$6978.61,31.3.2005
969,Yorgo Lopes,ylopesqw@hibu.com,Male,$4681.76,30.7.1990
970,Igor Reary,irearyqx@rediff.com,Male,$4926.16,2.11.1995
971,Consalve Dowrey,"",Male,€5021.96,27.3.2005
972,Wylie Scardefield,wscardefieldqz@canalblog.com,Male,€5866.44,26.9.1988
973,Rosemary Spurryer,rspurryerr0@skype.com,Female,$3827.64,7.7.1999
974,Donella Breddy,dbreddyr1@thetimes.co.uk,Female,$-196.29,10.1.1982
975,Gawain Jays,gjaysr2@plala.or.jp,Agender,$4691.49,10.6.1999
976,Marcelline Huelin,"",Female,$3248.65,22.6.1984
977,Mary Grewe,mgrewer4@tinyurl.com,Female,$3262.62,23.5.2003
978,Xymenes Dykes,xdykesr5@godaddy.com,Male,€2495.89,12.6.2000
979,Marshal Scanlon,"",Male,$3830.02,18.6.2000
980,Alison O'Cooney,"",Female,$4174.61,22.11.1986
981,Jo Burgoine,jburgoiner8@yellowpages.com,Female,$3270.41,21.9.2005
982,Celka Batman,cbatmanr9@opera.com,Female,$6788.3,4.3.1998
983,Corrianne Strutz,cstrutzra@dropbox.com,Female,€6485.8,25.4.1986
984,Adan Chattaway,achattawayrb@yahoo.com,Male,$3886.78,23.2.1999
985,Aldous Andreasen,aandreasenrc@xinhuanet.com,Male,$1276.26,27.8.1986
986,Lancelot Colliss,lcollissrd@rediff.com,Male,$3951.34,25.3.1997
987,Gasper Ridoutt,gridouttre@desdev.cn,Male,$5661.55,11.5.1992
988,Glenine Falloon,gfalloonrf@nba.com,Female,$1457.42,14.8.1986
989,Meris Andell,mandellrg@ask.com,Female,$1962.83,18.7.1992
990,Land Cluitt,"",Male,$6778.55,10.9.2002
991,Doyle Alwen,dalwenri@howstuffworks.com,Male,$720.76,9.2.2001
992,Ky Griswood,kgriswoodrj@bloglovin.com,Male,$8438.47,9.4.1997
993,Miquela Birkin,mbirkinrk@skyrock.com,Female,€4650.73,1.3.1982
994,Onida Willicott,owillicottrl@symantec.com,Non-binary,€4655.31,27.12.2000
995,Dominik Forseith,dforseithrm@digg.com,Male,$7068.63,5.3.1989
996,Nerissa Haslam,nhaslamrn@google.com,Female,$4222.04,11.3.1999
997,Cinnamon Croisdall,ccroisdallro@dell.com,Genderqueer,$1897.33,11.11.1986
998,Roman O'Cahsedy,rocahsedyrp@google.co.uk,Male,$3590.76,14.2.2003
999,Jeanie Tackett,"",Female,$1706.69,5.12.1996
1000,Jamey Winspur,jwinspurrr@scribd.com,Male,$7407.67,11.1.2005
